Xacc,Yacc,Zacc
0.141729,0.157632,-0.073569
0.141729,0.157632,-0.073569
0.141729,0.157632,-0.073569
0.141729,0.157632,-0.073569
0.141729,0.157632,-0.073569
0.141729,0.157632,-0.146934
0.151982,0.146035,-0.146934
0.151982,0.146035,-0.146934
0.151982,0.146035,-0.146934
0.151982,0.146035,-0.146934
0.151982,0.146035,-0.146934
0.151982,0.146035,-0.146934
0.151982,0.146035,-0.146934
0.151982,0.146035,-0.146934
0.151982,0.146035,-0.146934
0.151982,0.146035,-0.053184
0.150273,0.116738,-0.069907
0.150273,0.116738,-0.069907
0.150273,0.116738,-0.069907
0.150273,0.116738,-0.069907
0.150273,0.116738,-0.069907
0.150273,0.116738,-0.069907
0.150273,0.116738,-0.069907
0.150273,0.116738,-0.069907
0.150273,0.116738,-0.069907
0.150273,0.116738,-0.069907
0.150273,0.116738,-0.069907
0.150273,0.116738,-0.069907
0.150273,0.116738,-0.069907
0.150273,0.116738,-0.069907
0.150273,0.116738,-0.069907
0.150273,0.116738,-0.069907
0.150273,0.120278,-0.060264
0.148809,0.120278,-0.060264
0.148809,0.120278,-0.060264
0.148809,0.120278,-0.060264
0.148809,0.120278,-0.060264
0.148809,0.120278,-0.060264
0.148809,0.120278,-0.060264
0.148809,0.120278,-0.060264
0.148809,0.120278,-0.060264
0.148809,0.120278,-0.060264
0.148809,0.120278,-0.060264
0.148809,0.120278,-0.060264
0.148809,0.120278,-0.060264
0.148809,0.120278,-0.060264
0.148809,0.120278,-0.060264
0.148809,0.120278,-0.060264
0.148809,0.120278,-0.060264
0.148809,0.132729,0.000161
0.124517,0.132729,0.000161
0.124517,0.132729,0.000161
0.124517,0.132729,0.000161
0.124517,0.132729,0.000161
0.124517,0.132729,0.000161
0.124517,0.132729,0.000161
0.124517,0.132729,0.000161
0.124517,0.132729,0.000161
0.124517,0.132729,0.000161
0.124517,0.132729,0.000161
0.124517,0.132729,0.000161
0.124517,0.132729,0.000161
0.124517,0.132729,0.000161
0.124517,0.132729,0.000161
0.124517,0.132729,0.062661
0.122930,0.116128,0.073037
0.122930,0.116128,0.073037
0.122930,0.116128,0.073037
0.122930,0.116128,0.073037
0.122930,0.116128,0.073037
0.122930,0.116128,0.073037
0.122930,0.116128,0.073037
0.122930,0.116128,0.073037
0.122930,0.116128,0.073037
0.122930,0.116128,0.073037
0.122930,0.116128,0.073037
0.122930,0.116128,0.073037
0.122930,0.116128,0.073037
0.122930,0.116128,0.073037
0.122930,0.116128,0.073037
0.122930,0.116128,0.073037
0.122930,0.116128,0.135537
0.127202,0.098062,0.121133
0.127202,0.098062,0.121133
0.127202,0.098062,0.121133
0.127202,0.098062,0.121133
0.127202,0.098062,0.121133
0.127202,0.098062,0.121133
0.127202,0.098062,0.121133
0.127202,0.098062,0.121133
0.127202,0.098062,0.121133
0.127202,0.098062,0.121133
0.127202,0.098062,0.121133
0.127202,0.098062,0.121133
0.127202,0.098062,0.121133
0.127202,0.098062,0.121133
0.127202,0.098062,0.121133
0.127202,0.098062,0.121133
0.127202,0.098062,0.183633
0.104863,0.103555,0.199380
0.104863,0.103555,0.199380
0.104863,0.103555,0.199380
0.104863,0.103555,0.199380
0.104863,0.103555,0.199380
0.104863,0.103555,0.199380
0.104863,0.103555,0.199380
0.104863,0.103555,0.199380
0.104863,0.103555,0.199380
0.104863,0.103555,0.199380
0.104863,0.103555,0.199380
0.104863,0.103555,0.199380
0.104863,0.103555,0.199380
0.104863,0.103555,0.199380
0.104863,0.103555,0.199380
0.104863,0.103555,0.199380
0.104863,0.103555,0.338906
0.083135,0.088784,0.338906
0.083135,0.088784,0.338906
0.083135,0.088784,0.338906
0.083135,0.088784,0.338906
0.083135,0.088784,0.338906
0.083135,0.088784,0.338906
0.083135,0.088784,0.338906
0.083135,0.088784,0.338906
0.083135,0.088784,0.338906
0.083135,0.088784,0.338906
0.083135,0.088784,0.338906
0.083135,0.088784,0.338906
0.083135,0.088784,0.338906
0.083135,0.088784,0.338906
0.083135,0.088784,0.338906
0.083135,0.088784,0.338906
0.083135,0.026284,0.476235
0.046025,0.046670,0.476235
0.046025,0.046670,0.476235
0.046025,0.046670,0.476235
0.046025,0.046670,0.476235
0.046025,0.046670,0.476235
0.046025,0.046670,0.476235
0.046025,0.046670,0.476235
0.046025,0.046670,0.476235
0.046025,0.046670,0.476235
0.046025,0.046670,0.476235
0.046025,0.046670,0.476235
0.046025,0.046670,0.476235
0.046025,0.046670,0.476235
0.046025,0.046670,0.476235
0.046025,0.046670,0.476235
-0.016475,-0.004844,0.675210
-0.008540,-0.004844,0.675210
-0.008540,-0.004844,0.675210
-0.008540,-0.004844,0.675210
-0.008540,-0.004844,0.675210
-0.008540,-0.004844,0.675210
-0.008540,-0.004844,0.675210
-0.008540,-0.004844,0.675210
-0.008540,-0.004844,0.675210
-0.008540,-0.004844,0.675210
-0.008540,-0.004844,0.675210
-0.008540,-0.004844,0.675210
-0.008540,-0.004844,0.675210
-0.008540,-0.004844,0.675210
-0.008540,-0.004844,0.675210
-0.008540,-0.004844,0.675210
-0.008540,-0.004844,0.862710
-0.040034,-0.021934,0.844521
-0.040034,-0.021934,0.844521
-0.040034,-0.021934,0.844521
-0.040034,-0.021934,0.844521
-0.040034,-0.021934,0.844521
-0.040034,-0.021934,0.844521
-0.040034,-0.021934,0.844521
-0.040034,-0.021934,0.844521
-0.040034,-0.021934,0.844521
-0.040034,-0.021934,0.844521
-0.040034,-0.021934,0.844521
-0.040034,-0.021934,0.844521
-0.040034,-0.021934,0.844521
-0.040034,-0.021934,0.844521
-0.040034,-0.021934,0.844521
-0.040034,-0.021934,0.844521
-0.040034,-0.021934,0.913491
0.015386,-0.053916,0.913491
0.015386,-0.053916,0.913491
0.015386,-0.053916,0.913491
0.015386,-0.053916,0.913491
0.015386,-0.053916,0.913491
0.015386,-0.053916,0.913491
0.015386,-0.053916,0.913491
0.015386,-0.053916,0.913491
0.015386,-0.053916,0.913491
0.015386,-0.053916,0.913491
0.015386,-0.053916,0.913491
0.015386,-0.053916,0.913491
0.015386,-0.053916,0.913491
0.015386,-0.053916,0.913491
0.015386,-0.053916,0.913491
0.046636,-0.062949,0.895913
0.029302,-0.062949,0.895913
0.029302,-0.062949,0.895913
0.029302,-0.062949,0.895913
0.029302,-0.062949,0.895913
0.029302,-0.062949,0.895913
0.029302,-0.062949,0.895913
0.029302,-0.062949,0.895913
0.029302,-0.062949,0.895913
0.029302,-0.062949,0.895913
0.029302,-0.062949,0.895913
0.029302,-0.062949,0.895913
0.029302,-0.062949,0.895913
0.029302,-0.062949,0.895913
0.029302,-0.062949,0.895913
0.029302,-0.062949,0.895913
0.029302,-0.072959,0.919228
0.025762,-0.072959,0.919228
0.025762,-0.072959,0.919228
0.025762,-0.072959,0.919228
0.025762,-0.072959,0.919228
0.025762,-0.072959,0.919228
0.025762,-0.072959,0.919228
0.025762,-0.072959,0.919228
0.025762,-0.072959,0.919228
0.025762,-0.072959,0.919228
0.025762,-0.072959,0.919228
0.025762,-0.072959,0.919228
0.025762,-0.072959,0.919228
0.025762,-0.072959,0.919228
0.025762,-0.072959,0.919228
0.025762,-0.072959,0.919228
0.025762,-0.072959,1.042764
-0.043940,-0.102134,1.042764
-0.043940,-0.102134,1.042764
-0.043940,-0.102134,1.042764
-0.043940,-0.102134,1.042764
-0.043940,-0.102134,1.042764
-0.043940,-0.102134,1.042764
-0.043940,-0.102134,1.042764
-0.043940,-0.102134,1.042764
-0.043940,-0.102134,1.042764
-0.043940,-0.102134,1.042764
-0.043940,-0.102134,1.042764
-0.043940,-0.102134,1.042764
-0.043940,-0.102134,1.042764
-0.043940,-0.102134,1.042764
-0.043940,-0.102134,1.042764
-0.043940,-0.102134,1.042764
-0.043940,-0.164634,1.036904
0.016362,-0.152671,1.036904
0.016362,-0.152671,1.036904
0.016362,-0.152671,1.036904
0.016362,-0.152671,1.036904
0.016362,-0.152671,1.036904
0.016362,-0.152671,1.036904
0.016362,-0.152671,1.036904
0.016362,-0.152671,1.036904
0.016362,-0.152671,1.036904
0.016362,-0.152671,1.036904
0.016362,-0.152671,1.036904
0.016362,-0.152671,1.036904
0.016362,-0.152671,1.036904
0.016362,-0.152671,1.036904
0.016362,-0.152671,1.036904
0.016362,-0.152671,1.036904
0.016362,-0.246421,0.796182
0.166143,-0.252524,0.796182
0.166143,-0.252524,0.796182
0.166143,-0.252524,0.796182
0.166143,-0.252524,0.796182
0.166143,-0.252524,0.796182
0.166143,-0.252524,0.796182
0.166143,-0.252524,0.796182
0.166143,-0.252524,0.796182
0.166143,-0.252524,0.796182
0.166143,-0.252524,0.796182
0.166143,-0.252524,0.796182
0.166143,-0.252524,0.796182
0.166143,-0.252524,0.796182
0.166143,-0.252524,0.796182
0.166143,-0.252524,0.796182
0.166143,-0.252524,0.796182
0.166143,-0.188438,0.484414
0.198613,-0.188438,0.484414
0.198613,-0.188438,0.484414
0.198613,-0.188438,0.484414
0.198613,-0.188438,0.484414
0.198613,-0.188438,0.484414
0.198613,-0.188438,0.484414
0.198613,-0.188438,0.484414
0.198613,-0.188438,0.484414
0.198613,-0.188438,0.484414
0.198613,-0.188438,0.484414
0.198613,-0.188438,0.484414
0.198613,-0.188438,0.484414
0.198613,-0.188438,0.484414
0.198613,-0.188438,0.484414
0.198613,-0.188438,0.484414
0.198613,0.049966,0.515054
0.059453,0.049966,0.515054
0.059453,0.049966,0.515054
0.059453,0.049966,0.515054
0.059453,0.049966,0.515054
0.059453,0.049966,0.515054
0.059453,0.049966,0.515054
0.059453,0.049966,0.515054
0.059453,0.049966,0.515054
0.059453,0.049966,0.515054
0.059453,0.049966,0.515054
0.059453,0.049966,0.515054
0.059453,0.049966,0.515054
0.059453,0.049966,0.515054
0.059453,0.049966,0.515054
0.059453,0.049966,0.515054
0.059453,0.049966,1.181802
-0.246577,-0.178306,1.181802
-0.246577,-0.178306,1.181802
-0.246577,-0.178306,1.181802
-0.246577,-0.178306,1.181802
-0.246577,-0.178306,1.181802
-0.246577,-0.178306,1.181802
-0.246577,-0.178306,1.181802
-0.246577,-0.178306,1.181802
-0.246577,-0.178306,1.181802
-0.246577,-0.178306,1.181802
-0.246577,-0.178306,1.181802
-0.246577,-0.178306,1.181802
-0.246577,-0.178306,1.181802
-0.246577,-0.178306,1.181802
-0.246577,-0.178306,1.181802
-0.246577,-0.178306,1.181802
-0.059077,-0.656699,0.865151
-0.045894,-0.656699,0.865151
-0.045894,-0.656699,0.865151
-0.045894,-0.656699,0.865151
-0.045894,-0.656699,0.865151
-0.045894,-0.656699,0.865151
-0.045894,-0.656699,0.865151
-0.045894,-0.656699,0.865151
-0.045894,-0.656699,0.865151
-0.045894,-0.656699,0.865151
-0.045894,-0.656699,0.865151
-0.045894,-0.656699,0.865151
-0.045894,-0.656699,0.865151
-0.045894,-0.656699,0.865151
-0.045894,-0.656699,0.865151
-0.045894,-0.656699,0.865151
-0.045894,-0.656699,0.865151
0.422856,-0.596397,-0.902915
0.421147,-0.596397,-0.902915
0.421147,-0.596397,-0.902915
0.421147,-0.596397,-0.902915
0.421147,-0.596397,-0.902915
0.421147,-0.596397,-0.902915
0.421147,-0.596397,-0.902915
0.421147,-0.596397,-0.902915
0.421147,-0.596397,-0.902915
0.421147,-0.596397,-0.902915
0.421147,-0.596397,-0.902915
0.421147,-0.596397,-0.902915
0.421147,-0.596397,-0.902915
0.421147,-0.596397,-0.902915
0.421147,-0.596397,-0.902915
0.421147,-0.596397,-0.902915
0.421147,-0.596397,-1.027915
0.223149,-0.388755,-1.016318
0.223149,-0.388755,-1.016318
0.223149,-0.388755,-1.016318
0.223149,-0.388755,-1.016318
0.223149,-0.388755,-1.016318
0.223149,-0.388755,-1.016318
0.223149,-0.388755,-1.016318
0.223149,-0.388755,-1.016318
0.223149,-0.388755,-1.016318
0.223149,-0.388755,-1.016318
0.223149,-0.388755,-1.016318
0.223149,-0.388755,-1.016318
0.223149,-0.388755,-1.016318
0.223149,-0.388755,-1.016318
0.223149,-0.388755,-1.016318
0.223149,-0.388755,-1.016318
0.223149,-0.489829,-0.888267
-0.104854,-0.489829,-0.888267
-0.104854,-0.489829,-0.888267
-0.104854,-0.489829,-0.888267
-0.104854,-0.489829,-0.888267
-0.104854,-0.489829,-0.888267
-0.104854,-0.489829,-0.888267
-0.104854,-0.489829,-0.888267
-0.104854,-0.489829,-0.888267
-0.104854,-0.489829,-0.888267
-0.104854,-0.489829,-0.888267
-0.104854,-0.489829,-0.888267
-0.104854,-0.489829,-0.888267
-0.104854,-0.489829,-0.888267
-0.104854,-0.489829,-0.888267
-0.104854,-0.489829,-0.888267
-0.104854,-0.489829,-0.888267
0.554692,-0.502647,-1.890098
0.554692,-0.502647,-1.890098
0.554692,-0.502647,-1.890098
0.554692,-0.502647,-1.890098
0.554692,-0.502647,-1.890098
0.554692,-0.502647,-1.890098
0.554692,-0.502647,-1.890098
0.554692,-0.502647,-1.890098
0.554692,-0.502647,-1.890098
0.554692,-0.502647,-1.890098
0.554692,-0.502647,-1.890098
0.554692,-0.502647,-1.890098
0.554692,-0.502647,-1.890098
0.554692,-0.502647,-1.890098
0.554692,-0.502647,-1.890098
0.554692,-0.502647,-1.890098
0.554692,-0.002646,-2.442466
0.166509,0.010537,-2.442466
0.166509,0.010537,-2.442466
0.166509,0.010537,-2.442466
0.166509,0.010537,-2.442466
0.166509,0.010537,-2.442466
0.166509,0.010537,-2.442466
0.166509,0.010537,-2.442466
0.166509,0.010537,-2.442466
0.166509,0.010537,-2.442466
0.166509,0.010537,-2.442466
0.166509,0.010537,-2.442466
0.166509,0.010537,-2.442466
0.166509,0.010537,-2.442466
0.166509,0.010537,-2.442466
0.166509,0.010537,-2.442466
0.166509,0.010537,-2.442466
0.166509,0.288613,-2.607749
0.021489,0.288613,-2.607749
0.021489,0.288613,-2.607749
0.021489,0.288613,-2.607749
0.021489,0.288613,-2.607749
0.021489,0.288613,-2.607749
0.021489,0.288613,-2.607749
0.021489,0.288613,-2.607749
0.021489,0.288613,-2.607749
0.021489,0.288613,-2.607749
0.021489,0.288613,-2.607749
0.021489,0.288613,-2.607749
0.021489,0.288613,-2.607749
0.021489,0.288613,-2.607749
0.021489,0.288613,-2.607749
0.021489,0.288613,-2.607749
0.021489,0.288613,-2.607749
-0.353511,0.299111,-1.745688
-0.352900,0.299111,-1.745688
-0.352900,0.299111,-1.745688
-0.352900,0.299111,-1.745688
-0.352900,0.299111,-1.745688
-0.352900,0.299111,-1.745688
-0.352900,0.299111,-1.745688
-0.352900,0.299111,-1.745688
-0.352900,0.299111,-1.745688
-0.352900,0.299111,-1.745688
-0.352900,0.299111,-1.745688
-0.352900,0.299111,-1.745688
-0.352900,0.299111,-1.745688
-0.352900,0.299111,-1.745688
-0.352900,0.299111,-1.745688
-0.352900,0.299111,-1.745688
-0.352900,0.080361,-0.541221
-0.106318,0.062905,-0.541221
-0.106318,0.062905,-0.541221
-0.106318,0.062905,-0.541221
-0.106318,0.062905,-0.541221
-0.106318,0.062905,-0.541221
-0.106318,0.062905,-0.541221
-0.106318,0.062905,-0.541221
-0.106318,0.062905,-0.541221
-0.106318,0.062905,-0.541221
-0.106318,0.062905,-0.541221
-0.106318,0.062905,-0.541221
-0.106318,0.062905,-0.541221
-0.106318,0.062905,-0.541221
-0.106318,0.062905,-0.541221
-0.106318,0.062905,-0.541221
-0.106318,0.062905,-0.142173
0.181768,-0.213706,-0.142173
0.181768,-0.213706,-0.142173
0.181768,-0.213706,-0.142173
0.181768,-0.213706,-0.142173
0.181768,-0.213706,-0.142173
0.181768,-0.213706,-0.142173
0.181768,-0.213706,-0.142173
0.181768,-0.213706,-0.142173
0.181768,-0.213706,-0.142173
0.181768,-0.213706,-0.142173
0.181768,-0.213706,-0.142173
0.181768,-0.213706,-0.142173
0.181768,-0.213706,-0.142173
0.181768,-0.213706,-0.142173
0.181768,-0.213706,-0.142173
0.181768,-0.213706,-0.142173
0.306768,-0.287559,-0.104575
0.281865,-0.287559,-0.104575
0.281865,-0.287559,-0.104575
0.281865,-0.287559,-0.104575
0.281865,-0.287559,-0.104575
0.281865,-0.287559,-0.104575
0.281865,-0.287559,-0.104575
0.281865,-0.287559,-0.104575
0.281865,-0.287559,-0.104575
0.281865,-0.287559,-0.104575
0.281865,-0.287559,-0.104575
0.281865,-0.287559,-0.104575
0.281865,-0.287559,-0.104575
0.281865,-0.287559,-0.104575
0.281865,-0.287559,-0.104575
0.281865,-0.287559,-0.104575
0.281865,-0.295127,-0.039268
0.167241,-0.295127,-0.039268
0.167241,-0.295127,-0.039268
0.167241,-0.295127,-0.039268
0.167241,-0.295127,-0.039268
0.167241,-0.295127,-0.039268
0.167241,-0.295127,-0.039268
0.167241,-0.295127,-0.039268
0.167241,-0.295127,-0.039268
0.167241,-0.295127,-0.039268
0.167241,-0.295127,-0.039268
0.167241,-0.295127,-0.039268
0.167241,-0.295127,-0.039268
0.167241,-0.295127,-0.039268
0.167241,-0.295127,-0.039268
0.167241,-0.295127,-0.039268
0.167241,-0.295127,-0.539268
-0.148188,0.038247,-0.537559
-0.148188,0.038247,-0.537559
-0.148188,0.038247,-0.537559
-0.148188,0.038247,-0.537559
-0.148188,0.038247,-0.537559
-0.148188,0.038247,-0.537559
-0.148188,0.038247,-0.537559
-0.148188,0.038247,-0.537559
-0.148188,0.038247,-0.537559
-0.148188,0.038247,-0.537559
-0.148188,0.038247,-0.537559
-0.148188,0.038247,-0.537559
-0.148188,0.038247,-0.537559
-0.148188,0.038247,-0.537559
-0.148188,0.038247,-0.537559
-0.148188,0.038247,-0.537559
-0.148188,0.038247,-0.693809
-0.091304,0.028359,-0.676597
-0.091304,0.028359,-0.676597
-0.091304,0.028359,-0.676597
-0.091304,0.028359,-0.676597
-0.091304,0.028359,-0.676597
-0.091304,0.028359,-0.676597
-0.091304,0.028359,-0.676597
-0.091304,0.028359,-0.676597
-0.091304,0.028359,-0.676597
-0.091304,0.028359,-0.676597
-0.091304,0.028359,-0.676597
-0.091304,0.028359,-0.676597
-0.091304,0.028359,-0.676597
-0.091304,0.028359,-0.676597
-0.091304,0.028359,-0.676597
-0.091304,0.028359,-0.676597
-0.091304,-0.118491,-0.023032
-0.091304,-0.118491,-0.023032
-0.091304,-0.118491,-0.023032
-0.091304,-0.118491,-0.023032
-0.091304,-0.118491,-0.023032
-0.091304,-0.118491,-0.023032
-0.091304,-0.118491,-0.023032
-0.091304,-0.118491,-0.023032
-0.091304,-0.118491,-0.023032
-0.091304,-0.118491,-0.023032
-0.091304,-0.118491,-0.023032
-0.091304,-0.118491,-0.023032
-0.091304,-0.118491,-0.023032
-0.091304,-0.118491,-0.023032
-0.091304,-0.118491,-0.023032
-0.091304,-0.024741,-0.053062
-0.096431,-0.024375,-0.053062
-0.096431,-0.024375,-0.053062
-0.096431,-0.024375,-0.053062
-0.096431,-0.024375,-0.053062
-0.096431,-0.024375,-0.053062
-0.096431,-0.024375,-0.053062
-0.096431,-0.024375,-0.053062
-0.096431,-0.024375,-0.053062
-0.096431,-0.024375,-0.053062
-0.096431,-0.024375,-0.053062
-0.096431,-0.024375,-0.053062
-0.096431,-0.024375,-0.053062
-0.096431,-0.024375,-0.053062
-0.096431,-0.024375,-0.053062
-0.096431,-0.024375,-0.053062
-0.096431,-0.024375,-0.053062
-0.096431,-0.173301,-0.055015
-0.034541,-0.173301,-0.055015
-0.034541,-0.173301,-0.055015
-0.034541,-0.173301,-0.055015
-0.034541,-0.173301,-0.055015
-0.034541,-0.173301,-0.055015
-0.034541,-0.173301,-0.055015
-0.034541,-0.173301,-0.055015
-0.034541,-0.173301,-0.055015
-0.034541,-0.173301,-0.055015
-0.034541,-0.173301,-0.055015
-0.034541,-0.173301,-0.055015
-0.034541,-0.173301,-0.055015
-0.034541,-0.173301,-0.055015
-0.034541,-0.173301,-0.055015
-0.034541,-0.173301,-0.055015
-0.034541,-0.173301,-0.055015
-0.034541,-0.152671,-0.076865
-0.030757,-0.152671,-0.076865
-0.030757,-0.152671,-0.076865
-0.030757,-0.152671,-0.076865
-0.030757,-0.152671,-0.076865
-0.030757,-0.152671,-0.076865
-0.030757,-0.152671,-0.076865
-0.030757,-0.152671,-0.076865
-0.030757,-0.152671,-0.076865
-0.030757,-0.152671,-0.076865
-0.030757,-0.152671,-0.076865
-0.030757,-0.152671,-0.076865
-0.030757,-0.152671,-0.076865
-0.030757,-0.152671,-0.076865
-0.030757,-0.152671,-0.076865
-0.030757,-0.152671,-0.076865
-0.030757,-0.152671,-0.076865
0.000493,-0.204673,-0.029746
0.000371,-0.204673,-0.029746
0.000371,-0.204673,-0.029746
0.000371,-0.204673,-0.029746
0.000371,-0.204673,-0.029746
0.000371,-0.204673,-0.029746
0.000371,-0.204673,-0.029746
0.000371,-0.204673,-0.029746
0.000371,-0.204673,-0.029746
0.000371,-0.204673,-0.029746
0.000371,-0.204673,-0.029746
0.000371,-0.204673,-0.029746
0.000371,-0.204673,-0.029746
0.000371,-0.204673,-0.029746
0.000371,-0.204673,-0.029746
0.000371,-0.204673,-0.029746
0.000371,-0.140586,-0.082114
-0.031489,-0.140586,-0.082114
-0.031489,-0.140586,-0.082114
-0.031489,-0.140586,-0.082114
-0.031489,-0.140586,-0.082114
-0.031489,-0.140586,-0.082114
-0.031489,-0.140586,-0.082114
-0.031489,-0.140586,-0.082114
-0.031489,-0.140586,-0.082114
-0.031489,-0.140586,-0.082114
-0.031489,-0.140586,-0.082114
-0.031489,-0.140586,-0.082114
-0.031489,-0.140586,-0.082114
-0.031489,-0.140586,-0.082114
-0.031489,-0.140586,-0.082114
-0.031489,-0.140586,-0.082114
-0.031489,-0.090781,-0.087241
0.000371,-0.090781,-0.087241
0.000371,-0.090781,-0.087241
0.000371,-0.090781,-0.087241
0.000371,-0.090781,-0.087241
0.000371,-0.090781,-0.087241
0.000371,-0.090781,-0.087241
0.000371,-0.090781,-0.087241
0.000371,-0.090781,-0.087241
0.000371,-0.090781,-0.087241
0.000371,-0.090781,-0.087241
0.000371,-0.090781,-0.087241
0.000371,-0.090781,-0.087241
0.000371,-0.090781,-0.087241
0.000371,-0.090781,-0.087241
0.000371,-0.090781,-0.087241
0.000371,-0.090781,-0.055991
0.029424,-0.159385,-0.059043
0.029424,-0.159385,-0.059043
0.029424,-0.159385,-0.059043
0.029424,-0.159385,-0.059043
0.029424,-0.159385,-0.059043
0.029424,-0.159385,-0.059043
0.029424,-0.159385,-0.059043
0.029424,-0.159385,-0.059043
0.029424,-0.159385,-0.059043
0.029424,-0.159385,-0.059043
0.029424,-0.159385,-0.059043
0.029424,-0.159385,-0.059043
0.029424,-0.159385,-0.059043
0.029424,-0.159385,-0.059043
0.029424,-0.159385,-0.059043
0.029424,-0.159385,-0.059043
0.029424,-0.216514,-0.060996
0.065801,-0.216514,-0.060996
0.065801,-0.216514,-0.060996
0.065801,-0.216514,-0.060996
0.065801,-0.216514,-0.060996
0.065801,-0.216514,-0.060996
0.065801,-0.216514,-0.060996
0.065801,-0.216514,-0.060996
0.065801,-0.216514,-0.060996
0.065801,-0.216514,-0.060996
0.065801,-0.216514,-0.060996
0.065801,-0.216514,-0.060996
0.065801,-0.216514,-0.060996
0.065801,-0.216514,-0.060996
0.065801,-0.216514,-0.060996
0.065801,-0.216514,-0.060996
0.065801,-0.216514,-0.029746
0.099126,-0.238486,-0.029258
0.099126,-0.238486,-0.029258
0.099126,-0.238486,-0.029258
0.099126,-0.238486,-0.029258
0.099126,-0.238486,-0.029258
0.099126,-0.238486,-0.029258
0.099126,-0.238486,-0.029258
0.099126,-0.238486,-0.029258
0.099126,-0.238486,-0.029258
0.099126,-0.238486,-0.029258
0.099126,-0.238486,-0.029258
0.099126,-0.238486,-0.029258
0.099126,-0.238486,-0.029258
0.099126,-0.238486,-0.029258
0.099126,-0.238486,-0.029258
0.099126,-0.238486,-0.029258
0.032598,-0.208945,-0.034751
0.032598,-0.208945,-0.034751
0.032598,-0.208945,-0.034751
0.032598,-0.208945,-0.034751
0.032598,-0.208945,-0.034751
0.032598,-0.208945,-0.034751
0.032598,-0.208945,-0.034751
0.032598,-0.208945,-0.034751
0.032598,-0.208945,-0.034751
0.032598,-0.208945,-0.034751
0.032598,-0.208945,-0.034751
0.032598,-0.208945,-0.034751
0.032598,-0.208945,-0.034751
0.032598,-0.208945,-0.034751
0.032598,-0.208945,-0.034751
0.032598,-0.208945,-0.128501
-0.085566,-0.040244,-0.119102
-0.085566,-0.040244,-0.119102
-0.085566,-0.040244,-0.119102
-0.085566,-0.040244,-0.119102
-0.085566,-0.040244,-0.119102
-0.085566,-0.040244,-0.119102
-0.085566,-0.040244,-0.119102
-0.085566,-0.040244,-0.119102
-0.085566,-0.040244,-0.119102
-0.085566,-0.040244,-0.119102
-0.085566,-0.040244,-0.119102
-0.085566,-0.040244,-0.119102
-0.085566,-0.040244,-0.119102
-0.085566,-0.040244,-0.119102
-0.085566,-0.040244,-0.119102
-0.085566,-0.040244,-0.096396
-0.054805,-0.065024,-0.096396
-0.054805,-0.065024,-0.096396
-0.054805,-0.065024,-0.096396
-0.054805,-0.065024,-0.096396
-0.054805,-0.065024,-0.096396
-0.054805,-0.065024,-0.096396
-0.054805,-0.065024,-0.096396
-0.054805,-0.065024,-0.096396
-0.054805,-0.065024,-0.096396
-0.054805,-0.065024,-0.096396
-0.054805,-0.065024,-0.096396
-0.054805,-0.065024,-0.096396
-0.054805,-0.065024,-0.096396
-0.054805,-0.065024,-0.096396
-0.054805,-0.065024,-0.096396
-0.054805,-0.065024,-0.096396
0.007695,-0.107505,-0.064414
0.015142,-0.107505,-0.064414
0.015142,-0.107505,-0.064414
0.015142,-0.107505,-0.064414
0.015142,-0.107505,-0.064414
0.015142,-0.107505,-0.064414
0.015142,-0.107505,-0.064414
0.015142,-0.107505,-0.064414
0.015142,-0.107505,-0.064414
0.015142,-0.107505,-0.064414
0.015142,-0.107505,-0.064414
0.015142,-0.107505,-0.064414
0.015142,-0.107505,-0.064414
0.015142,-0.107505,-0.064414
0.015142,-0.107505,-0.064414
0.015142,-0.107505,-0.064414
0.015142,-0.107505,-0.064414
0.020391,-0.093467,-0.081626
0.020391,-0.093467,-0.081626
0.020391,-0.093467,-0.081626
0.020391,-0.093467,-0.081626
0.020391,-0.093467,-0.081626
0.020391,-0.093467,-0.081626
0.020391,-0.093467,-0.081626
0.020391,-0.093467,-0.081626
0.020391,-0.093467,-0.081626
0.020391,-0.093467,-0.081626
0.020391,-0.093467,-0.081626
0.020391,-0.093467,-0.081626
0.020391,-0.093467,-0.081626
0.020391,-0.093467,-0.081626
0.020391,-0.093467,-0.081626
0.020391,-0.093467,-0.081626
0.020391,-0.147544,-0.065146
0.068730,-0.147544,-0.065146
0.068730,-0.147544,-0.065146
0.068730,-0.147544,-0.065146
0.068730,-0.147544,-0.065146
0.068730,-0.147544,-0.065146
0.068730,-0.147544,-0.065146
0.068730,-0.147544,-0.065146
0.068730,-0.147544,-0.065146
0.068730,-0.147544,-0.065146
0.068730,-0.147544,-0.065146
0.068730,-0.147544,-0.065146
0.068730,-0.147544,-0.065146
0.068730,-0.147544,-0.065146
0.068730,-0.147544,-0.065146
0.068730,-0.147544,-0.065146
0.068730,-0.147544,-0.060752
0.047246,-0.128745,-0.060752
0.047246,-0.128745,-0.060752
0.047246,-0.128745,-0.060752
0.047246,-0.128745,-0.060752
0.047246,-0.128745,-0.060752
0.047246,-0.128745,-0.060752
0.047246,-0.128745,-0.060752
0.047246,-0.128745,-0.060752
0.047246,-0.128745,-0.060752
0.047246,-0.128745,-0.060752
0.047246,-0.128745,-0.060752
0.047246,-0.128745,-0.060752
0.047246,-0.128745,-0.060752
0.047246,-0.128745,-0.060752
0.047246,-0.128745,-0.060752
0.047246,-0.128745,-0.060752
0.030156,-0.099937,-0.063315
0.030156,-0.099937,-0.063315
0.030156,-0.099937,-0.063315
0.030156,-0.099937,-0.063315
0.030156,-0.099937,-0.063315
0.030156,-0.099937,-0.063315
0.030156,-0.099937,-0.063315
0.030156,-0.099937,-0.063315
0.030156,-0.099937,-0.063315
0.030156,-0.099937,-0.063315
0.030156,-0.099937,-0.063315
0.030156,-0.099937,-0.063315
0.030156,-0.099937,-0.063315
0.030156,-0.099937,-0.063315
0.030156,-0.099937,-0.063315
0.030156,-0.099937,-0.084800
0.024053,-0.079062,-0.084800
0.024053,-0.079062,-0.084800
0.024053,-0.079062,-0.084800
0.024053,-0.079062,-0.084800
0.024053,-0.079062,-0.084800
0.024053,-0.079062,-0.084800
0.024053,-0.079062,-0.084800
0.024053,-0.079062,-0.084800
0.024053,-0.079062,-0.084800
0.024053,-0.079062,-0.084800
0.024053,-0.079062,-0.084800
0.024053,-0.079062,-0.084800
0.024053,-0.079062,-0.084800
0.024053,-0.079062,-0.084800
0.024053,-0.079062,-0.084800
0.024053,-0.079062,-0.084800
0.024053,-0.059287,-0.074912
0.018804,-0.059287,-0.074912
0.018804,-0.059287,-0.074912
0.018804,-0.059287,-0.074912
0.018804,-0.059287,-0.074912
0.018804,-0.059287,-0.074912
0.018804,-0.059287,-0.074912
0.018804,-0.059287,-0.074912
0.018804,-0.059287,-0.074912
0.018804,-0.059287,-0.074912
0.018804,-0.059287,-0.074912
0.018804,-0.059287,-0.074912
0.018804,-0.059287,-0.074912
0.018804,-0.059287,-0.074912
0.018804,-0.059287,-0.074912
0.018804,-0.059287,-0.074912
0.018804,-0.059287,-0.043662
0.013311,-0.074912,-0.066245
0.013311,-0.074912,-0.066245
0.013311,-0.074912,-0.066245
0.013311,-0.074912,-0.066245
0.013311,-0.074912,-0.066245
0.013311,-0.074912,-0.066245
0.013311,-0.074912,-0.066245
0.013311,-0.074912,-0.066245
0.013311,-0.074912,-0.066245
0.013311,-0.074912,-0.066245
0.013311,-0.074912,-0.066245
0.013311,-0.074912,-0.066245
0.013311,-0.074912,-0.066245
0.013311,-0.074912,-0.066245
0.013311,-0.074912,-0.066245
0.013311,-0.074912,-0.066245
0.013311,-0.100791,-0.090537
-0.013423,-0.100791,-0.090537
-0.013423,-0.100791,-0.090537
-0.013423,-0.100791,-0.090537
-0.013423,-0.100791,-0.090537
-0.013423,-0.100791,-0.090537
-0.013423,-0.100791,-0.090537
-0.013423,-0.100791,-0.090537
-0.013423,-0.100791,-0.090537
-0.013423,-0.100791,-0.090537
-0.013423,-0.100791,-0.090537
-0.013423,-0.100791,-0.090537
-0.013423,-0.100791,-0.090537
-0.013423,-0.100791,-0.090537
-0.013423,-0.100791,-0.090537
-0.013423,-0.100791,-0.090537
0.049077,-0.112144,-0.057334
0.043828,-0.112144,-0.057334
0.043828,-0.112144,-0.057334
0.043828,-0.112144,-0.057334
0.043828,-0.112144,-0.057334
0.043828,-0.112144,-0.057334
0.043828,-0.112144,-0.057334
0.043828,-0.112144,-0.057334
0.043828,-0.112144,-0.057334
0.043828,-0.112144,-0.057334
0.043828,-0.112144,-0.057334
0.043828,-0.112144,-0.057334
0.043828,-0.112144,-0.057334
0.043828,-0.112144,-0.057334
0.043828,-0.112144,-0.057334
0.043828,-0.112144,-0.057334
0.043828,-0.118003,-0.054282
0.028936,-0.118003,-0.054282
0.028936,-0.118003,-0.054282
0.028936,-0.118003,-0.054282
0.028936,-0.118003,-0.054282
0.028936,-0.118003,-0.054282
0.028936,-0.118003,-0.054282
0.028936,-0.118003,-0.054282
0.028936,-0.118003,-0.054282
0.028936,-0.118003,-0.054282
0.028936,-0.118003,-0.054282
0.028936,-0.118003,-0.054282
0.028936,-0.118003,-0.054282
0.028936,-0.118003,-0.054282
0.028936,-0.118003,-0.054282
0.028936,-0.118003,-0.054282
0.028936,-0.118003,-0.054282
0.025029,-0.085532,-0.068931
0.025029,-0.085532,-0.068931
0.025029,-0.085532,-0.068931
0.025029,-0.085532,-0.068931
0.025029,-0.085532,-0.068931
0.025029,-0.085532,-0.068931
0.025029,-0.085532,-0.068931
0.025029,-0.085532,-0.068931
0.025029,-0.085532,-0.068931
0.025029,-0.085532,-0.068931
0.025029,-0.085532,-0.068931
0.025029,-0.085532,-0.068931
0.025029,-0.085532,-0.068931
0.025029,-0.085532,-0.068931
0.025029,-0.085532,-0.068931
0.025029,-0.085532,-0.068931
0.027227,-0.075522,-0.069541
0.027227,-0.075522,-0.069541
0.027227,-0.075522,-0.069541
0.027227,-0.075522,-0.069541
0.027227,-0.075522,-0.069541
0.027227,-0.075522,-0.069541
0.027227,-0.075522,-0.069541
0.027227,-0.075522,-0.069541
0.027227,-0.075522,-0.069541
0.027227,-0.075522,-0.069541
0.027227,-0.075522,-0.069541
0.027227,-0.075522,-0.069541
0.027227,-0.075522,-0.069541
0.027227,-0.075522,-0.069541
0.027227,-0.075522,-0.069541
0.027227,-0.075522,-0.069541
0.027227,-0.079795,-0.076865
0.026860,-0.079795,-0.076865
0.026860,-0.079795,-0.076865
0.026860,-0.079795,-0.076865
0.026860,-0.079795,-0.076865
0.026860,-0.079795,-0.076865
0.026860,-0.079795,-0.076865
0.026860,-0.079795,-0.076865
0.026860,-0.079795,-0.076865
0.026860,-0.079795,-0.076865
0.026860,-0.079795,-0.076865
0.026860,-0.079795,-0.076865
0.026860,-0.079795,-0.076865
0.026860,-0.079795,-0.076865
0.026860,-0.079795,-0.076865
0.026860,-0.079795,-0.076865
0.026006,-0.084556,-0.071494
0.026006,-0.084556,-0.071494
0.026006,-0.084556,-0.071494
0.026006,-0.084556,-0.071494
0.026006,-0.084556,-0.071494
0.026006,-0.084556,-0.071494
0.026006,-0.084556,-0.071494
0.026006,-0.084556,-0.071494
0.026006,-0.084556,-0.071494
0.026006,-0.084556,-0.071494
0.026006,-0.084556,-0.071494
0.026006,-0.084556,-0.071494
0.026006,-0.084556,-0.071494
0.026006,-0.084556,-0.071494
0.026006,-0.084556,-0.071494
0.026006,-0.084556,-0.071494
0.057256,-0.088950,-0.064902
0.028936,-0.088950,-0.064902
0.028936,-0.088950,-0.064902
0.028936,-0.088950,-0.064902
0.028936,-0.088950,-0.064902
0.028936,-0.088950,-0.064902
0.028936,-0.088950,-0.064902
0.028936,-0.088950,-0.064902
0.028936,-0.088950,-0.064902
0.028936,-0.088950,-0.064902
0.028936,-0.088950,-0.064902
0.028936,-0.088950,-0.064902
0.028936,-0.088950,-0.064902
0.028936,-0.088950,-0.064902
0.028936,-0.088950,-0.064902
0.028936,-0.088950,-0.064902
0.028936,-0.088950,-0.064902
0.031011,-0.102378,-0.063315
0.031011,-0.102378,-0.063315
0.031011,-0.102378,-0.063315
0.031011,-0.102378,-0.063315
0.031011,-0.102378,-0.063315
0.031011,-0.102378,-0.063315
0.031011,-0.102378,-0.063315
0.031011,-0.102378,-0.063315
0.031011,-0.102378,-0.063315
0.031011,-0.102378,-0.063315
0.031011,-0.102378,-0.063315
0.031011,-0.102378,-0.063315
0.031011,-0.102378,-0.063315
0.031011,-0.102378,-0.063315
0.031011,-0.102378,-0.063315
0.031011,-0.102378,-0.063315
0.031011,-0.102378,-0.063560
0.021611,-0.098350,-0.063560
0.021611,-0.098350,-0.063560
0.021611,-0.098350,-0.063560
0.021611,-0.098350,-0.063560
0.021611,-0.098350,-0.063560
0.021611,-0.098350,-0.063560
0.021611,-0.098350,-0.063560
0.021611,-0.098350,-0.063560
0.021611,-0.098350,-0.063560
0.021611,-0.098350,-0.063560
0.021611,-0.098350,-0.063560
0.021611,-0.098350,-0.063560
0.021611,-0.098350,-0.063560
0.021611,-0.098350,-0.063560
0.021611,-0.098350,-0.063560
0.021611,-0.098350,-0.063560
0.021611,-0.067100,-0.084800
0.029180,-0.061606,-0.084800
0.029180,-0.061606,-0.084800
0.029180,-0.061606,-0.084800
0.029180,-0.061606,-0.084800
0.029180,-0.061606,-0.084800
0.029180,-0.061606,-0.084800
0.029180,-0.061606,-0.084800
0.029180,-0.061606,-0.084800
0.029180,-0.061606,-0.084800
0.029180,-0.061606,-0.084800
0.029180,-0.061606,-0.084800
0.029180,-0.061606,-0.084800
0.029180,-0.061606,-0.084800
0.029180,-0.061606,-0.084800
0.029180,-0.061606,-0.084800
0.029180,-0.061606,-0.073569
0.031865,-0.086509,-0.073569
0.031865,-0.086509,-0.073569
0.031865,-0.086509,-0.073569
0.031865,-0.086509,-0.073569
0.031865,-0.086509,-0.073569
0.031865,-0.086509,-0.073569
0.031865,-0.086509,-0.073569
0.031865,-0.086509,-0.073569
0.031865,-0.086509,-0.073569
0.031865,-0.086509,-0.073569
0.031865,-0.086509,-0.073569
0.031865,-0.086509,-0.073569
0.031865,-0.086509,-0.073569
0.031865,-0.086509,-0.073569
0.031865,-0.086509,-0.073569
0.031865,-0.086509,-0.073569
0.031865,-0.086509,-0.067588
0.029302,-0.091270,-0.067588
0.029302,-0.091270,-0.067588
0.029302,-0.091270,-0.067588
0.029302,-0.091270,-0.067588
0.029302,-0.091270,-0.067588
0.029302,-0.091270,-0.067588
0.029302,-0.091270,-0.067588
0.029302,-0.091270,-0.067588
0.029302,-0.091270,-0.067588
0.029302,-0.091270,-0.067588
0.029302,-0.091270,-0.067588
0.029302,-0.091270,-0.067588
0.029302,-0.091270,-0.067588
0.029302,-0.091270,-0.067588
0.029302,-0.091270,-0.067588
0.029302,-0.091270,-0.067588
0.029302,-0.122520,-0.061484
-0.005000,-0.118369,-0.061484
-0.005000,-0.118369,-0.061484
-0.005000,-0.118369,-0.061484
-0.005000,-0.118369,-0.061484
-0.005000,-0.118369,-0.061484
-0.005000,-0.118369,-0.061484
-0.005000,-0.118369,-0.061484
-0.005000,-0.118369,-0.061484
-0.005000,-0.118369,-0.061484
-0.005000,-0.118369,-0.061484
-0.005000,-0.118369,-0.061484
-0.005000,-0.118369,-0.061484
-0.005000,-0.118369,-0.061484
-0.005000,-0.118369,-0.061484
-0.005000,-0.118369,-0.061484
-0.005000,-0.118369,-0.061484
0.051396,-0.088828,-0.067222
0.051396,-0.088828,-0.067222
0.051396,-0.088828,-0.067222
0.051396,-0.088828,-0.067222
0.051396,-0.088828,-0.067222
0.051396,-0.088828,-0.067222
0.051396,-0.088828,-0.067222
0.051396,-0.088828,-0.067222
0.051396,-0.088828,-0.067222
0.051396,-0.088828,-0.067222
0.051396,-0.088828,-0.067222
0.051396,-0.088828,-0.067222
0.051396,-0.088828,-0.067222
0.051396,-0.088828,-0.067222
0.051396,-0.088828,-0.067222
0.051396,-0.088828,-0.067222
0.051396,-0.088828,-0.098472
0.036504,-0.073691,-0.085532
0.036504,-0.073691,-0.085532
0.036504,-0.073691,-0.085532
0.036504,-0.073691,-0.085532
0.036504,-0.073691,-0.085532
0.036504,-0.073691,-0.085532
0.036504,-0.073691,-0.085532
0.036504,-0.073691,-0.085532
0.036504,-0.073691,-0.085532
0.036504,-0.073691,-0.085532
0.036504,-0.073691,-0.085532
0.036504,-0.073691,-0.085532
0.036504,-0.073691,-0.085532
0.036504,-0.073691,-0.085532
0.036504,-0.073691,-0.085532
0.036504,-0.073691,-0.054282
0.031255,-0.067466,-0.069297
0.031255,-0.067466,-0.069297
0.031255,-0.067466,-0.069297
0.031255,-0.067466,-0.069297
0.031255,-0.067466,-0.069297
0.031255,-0.067466,-0.069297
0.031255,-0.067466,-0.069297
0.031255,-0.067466,-0.069297
0.031255,-0.067466,-0.069297
0.031255,-0.067466,-0.069297
0.031255,-0.067466,-0.069297
0.031255,-0.067466,-0.069297
0.031255,-0.067466,-0.069297
0.031255,-0.067466,-0.069297
0.031255,-0.067466,-0.069297
0.031255,-0.067466,-0.069297
0.031255,-0.067466,-0.100547
0.030278,-0.080649,-0.078330
0.030278,-0.080649,-0.078330
0.030278,-0.080649,-0.078330
0.030278,-0.080649,-0.078330
0.030278,-0.080649,-0.078330
0.030278,-0.080649,-0.078330
0.030278,-0.080649,-0.078330
0.030278,-0.080649,-0.078330
0.030278,-0.080649,-0.078330
0.030278,-0.080649,-0.078330
0.030278,-0.080649,-0.078330
0.030278,-0.080649,-0.078330
0.030278,-0.080649,-0.078330
0.030278,-0.080649,-0.078330
0.030278,-0.080649,-0.078330
0.030278,-0.080649,-0.078330
0.030278,-0.080649,-0.077231
0.031011,-0.079551,-0.077231
0.031011,-0.079551,-0.077231
0.031011,-0.079551,-0.077231
0.031011,-0.079551,-0.077231
0.031011,-0.079551,-0.077231
0.031011,-0.079551,-0.077231
0.031011,-0.079551,-0.077231
0.031011,-0.079551,-0.077231
0.031011,-0.079551,-0.077231
0.031011,-0.079551,-0.077231
0.031011,-0.079551,-0.077231
0.031011,-0.079551,-0.077231
0.031011,-0.079551,-0.077231
0.031011,-0.079551,-0.077231
0.031011,-0.079551,-0.077231
0.031011,-0.079551,-0.077231
0.031011,-0.079551,-0.065391
0.028691,-0.092246,-0.065391
0.028691,-0.092246,-0.065391
0.028691,-0.092246,-0.065391
0.028691,-0.092246,-0.065391
0.028691,-0.092246,-0.065391
0.028691,-0.092246,-0.065391
0.028691,-0.092246,-0.065391
0.028691,-0.092246,-0.065391
0.028691,-0.092246,-0.065391
0.028691,-0.092246,-0.065391
0.028691,-0.092246,-0.065391
0.028691,-0.092246,-0.065391
0.028691,-0.092246,-0.065391
0.028691,-0.092246,-0.065391
0.028691,-0.092246,-0.065391
0.028691,-0.092246,-0.065391
0.028691,-0.123496,-0.061484
0.036992,-0.119102,-0.061484
0.036992,-0.119102,-0.061484
0.036992,-0.119102,-0.061484
0.036992,-0.119102,-0.061484
0.036992,-0.119102,-0.061484
0.036992,-0.119102,-0.061484
0.036992,-0.119102,-0.061484
0.036992,-0.119102,-0.061484
0.036992,-0.119102,-0.061484
0.036992,-0.119102,-0.061484
0.036992,-0.119102,-0.061484
0.036992,-0.119102,-0.061484
0.036992,-0.119102,-0.061484
0.036992,-0.119102,-0.061484
0.036992,-0.119102,-0.061484
0.036992,-0.119102,-0.061484
0.030522,-0.097251,-0.071250
0.030522,-0.097251,-0.071250
0.030522,-0.097251,-0.071250
0.030522,-0.097251,-0.071250
0.030522,-0.097251,-0.071250
0.030522,-0.097251,-0.071250
0.030522,-0.097251,-0.071250
0.030522,-0.097251,-0.071250
0.030522,-0.097251,-0.071250
0.030522,-0.097251,-0.071250
0.030522,-0.097251,-0.071250
0.030522,-0.097251,-0.071250
0.030522,-0.097251,-0.071250
0.030522,-0.097251,-0.071250
0.030522,-0.097251,-0.071250
0.030522,-0.097251,-0.071250
0.030522,-0.097251,-0.071250
0.029058,-0.088828,-0.069541
0.029058,-0.088828,-0.069541
0.029058,-0.088828,-0.069541
0.029058,-0.088828,-0.069541
0.029058,-0.088828,-0.069541
0.029058,-0.088828,-0.069541
0.029058,-0.088828,-0.069541
0.029058,-0.088828,-0.069541
0.029058,-0.088828,-0.069541
0.029058,-0.088828,-0.069541
0.029058,-0.088828,-0.069541
0.029058,-0.088828,-0.069541
0.029058,-0.088828,-0.069541
0.029058,-0.088828,-0.069541
0.029058,-0.088828,-0.069541
0.029058,-0.088828,-0.069541
0.029058,-0.088828,-0.070884
0.031621,-0.086875,-0.070884
0.031621,-0.086875,-0.070884
0.031621,-0.086875,-0.070884
0.031621,-0.086875,-0.070884
0.031621,-0.086875,-0.070884
0.031621,-0.086875,-0.070884
0.031621,-0.086875,-0.070884
0.031621,-0.086875,-0.070884
0.031621,-0.086875,-0.070884
0.031621,-0.086875,-0.070884
0.031621,-0.086875,-0.070884
0.031621,-0.086875,-0.070884
0.031621,-0.086875,-0.070884
0.031621,-0.086875,-0.070884
0.031621,-0.086875,-0.070884
0.031621,-0.086875,-0.070884
0.031621,-0.086875,-0.077598
0.030889,-0.091880,-0.077598
0.030889,-0.091880,-0.077598
0.030889,-0.091880,-0.077598
0.030889,-0.091880,-0.077598
0.030889,-0.091880,-0.077598
0.030889,-0.091880,-0.077598
0.030889,-0.091880,-0.077598
0.030889,-0.091880,-0.077598
0.030889,-0.091880,-0.077598
0.030889,-0.091880,-0.077598
0.030889,-0.091880,-0.077598
0.030889,-0.091880,-0.077598
0.030889,-0.091880,-0.077598
0.030889,-0.091880,-0.077598
0.030889,-0.091880,-0.077598
0.030889,-0.091880,-0.077598
0.030889,-0.091880,-0.069663
0.026128,-0.091025,-0.069663
0.026128,-0.091025,-0.069663
0.026128,-0.091025,-0.069663
0.026128,-0.091025,-0.069663
0.026128,-0.091025,-0.069663
0.026128,-0.091025,-0.069663
0.026128,-0.091025,-0.069663
0.026128,-0.091025,-0.069663
0.026128,-0.091025,-0.069663
0.026128,-0.091025,-0.069663
0.026128,-0.091025,-0.069663
0.026128,-0.091025,-0.069663
0.026128,-0.091025,-0.069663
0.026128,-0.091025,-0.069663
0.026128,-0.091025,-0.069663
0.026128,-0.091025,-0.059653
0.031499,-0.115684,-0.059653
0.031499,-0.115684,-0.059653
0.031499,-0.115684,-0.059653
0.031499,-0.115684,-0.059653
0.031499,-0.115684,-0.059653
0.031499,-0.115684,-0.059653
0.031499,-0.115684,-0.059653
0.031499,-0.115684,-0.059653
0.031499,-0.115684,-0.059653
0.031499,-0.115684,-0.059653
0.031499,-0.115684,-0.059653
0.031499,-0.115684,-0.059653
0.031499,-0.115684,-0.059653
0.031499,-0.115684,-0.059653
0.031499,-0.115684,-0.059653
0.031499,-0.087852,-0.076865
0.031865,-0.087852,-0.076865
0.031865,-0.087852,-0.076865
0.031865,-0.087852,-0.076865
0.031865,-0.087852,-0.076865
0.031865,-0.087852,-0.076865
0.031865,-0.087852,-0.076865
0.031865,-0.087852,-0.076865
0.031865,-0.087852,-0.076865
0.031865,-0.087852,-0.076865
0.031865,-0.087852,-0.076865
0.031865,-0.087852,-0.076865
0.031865,-0.087852,-0.076865
0.031865,-0.087852,-0.076865
0.031865,-0.087852,-0.076865
0.031865,-0.087852,-0.076865
0.031865,-0.087852,-0.076865
0.131108,-0.073203,-0.103477
0.131108,-0.073203,-0.103477
0.131108,-0.073203,-0.103477
0.131108,-0.073203,-0.103477
0.131108,-0.073203,-0.103477
0.131108,-0.073203,-0.103477
0.131108,-0.073203,-0.103477
0.131108,-0.073203,-0.103477
0.131108,-0.073203,-0.103477
0.131108,-0.073203,-0.103477
0.131108,-0.073203,-0.103477
0.131108,-0.073203,-0.103477
0.131108,-0.073203,-0.103477
0.131108,-0.073203,-0.103477
0.131108,-0.073203,-0.103477
0.131108,-0.073203,-0.103477
0.131108,-0.073203,-0.072227
0.040166,-0.090537,-0.085044
0.040166,-0.090537,-0.085044
0.040166,-0.090537,-0.085044
0.040166,-0.090537,-0.085044
0.040166,-0.090537,-0.085044
0.040166,-0.090537,-0.085044
0.040166,-0.090537,-0.085044
0.040166,-0.090537,-0.085044
0.040166,-0.090537,-0.085044
0.040166,-0.090537,-0.085044
0.040166,-0.090537,-0.085044
0.040166,-0.090537,-0.085044
0.040166,-0.090537,-0.085044
0.040166,-0.090537,-0.085044
0.040166,-0.090537,-0.085044
0.040166,-0.090537,-0.085044
0.040166,-0.090537,-0.097617
0.056035,-0.047690,-0.097617
0.056035,-0.047690,-0.097617
0.056035,-0.047690,-0.097617
0.056035,-0.047690,-0.097617
0.056035,-0.047690,-0.097617
0.056035,-0.047690,-0.097617
0.056035,-0.047690,-0.097617
0.056035,-0.047690,-0.097617
0.056035,-0.047690,-0.097617
0.056035,-0.047690,-0.097617
0.056035,-0.047690,-0.097617
0.056035,-0.047690,-0.097617
0.056035,-0.047690,-0.097617
0.056035,-0.047690,-0.097617
0.056035,-0.047690,-0.097617
0.056035,-0.047690,-0.097617
0.056035,-0.123496,-0.083457
0.047490,-0.123496,-0.083457
0.047490,-0.123496,-0.083457
0.047490,-0.123496,-0.083457
0.047490,-0.123496,-0.083457
0.047490,-0.123496,-0.083457
0.047490,-0.123496,-0.083457
0.047490,-0.123496,-0.083457
0.047490,-0.123496,-0.083457
0.047490,-0.123496,-0.083457
0.047490,-0.123496,-0.083457
0.047490,-0.123496,-0.083457
0.047490,-0.123496,-0.083457
0.047490,-0.123496,-0.083457
0.047490,-0.123496,-0.083457
0.047490,-0.123496,-0.083457
0.047490,-0.480918,-0.017905
-0.237178,-0.480918,-0.017905
-0.237178,-0.480918,-0.017905
-0.237178,-0.480918,-0.017905
-0.237178,-0.480918,-0.017905
-0.237178,-0.480918,-0.017905
-0.237178,-0.480918,-0.017905
-0.237178,-0.480918,-0.017905
-0.237178,-0.480918,-0.017905
-0.237178,-0.480918,-0.017905
-0.237178,-0.480918,-0.017905
-0.237178,-0.480918,-0.017905
-0.237178,-0.480918,-0.017905
-0.237178,-0.480918,-0.017905
-0.237178,-0.480918,-0.017905
-0.237178,-0.480918,-0.017905
-0.237178,-0.255454,0.004800
0.041387,-0.255454,0.004800
0.041387,-0.255454,0.004800
0.041387,-0.255454,0.004800
0.041387,-0.255454,0.004800
0.041387,-0.255454,0.004800
0.041387,-0.255454,0.004800
0.041387,-0.255454,0.004800
0.041387,-0.255454,0.004800
0.041387,-0.255454,0.004800
0.041387,-0.255454,0.004800
0.041387,-0.255454,0.004800
0.041387,-0.255454,0.004800
0.041387,-0.255454,0.004800
0.041387,-0.255454,0.004800
0.041387,-0.255454,0.004800
0.041387,-0.317954,-0.068931
0.017339,-0.298057,-0.068931
0.017339,-0.298057,-0.068931
0.017339,-0.298057,-0.068931
0.017339,-0.298057,-0.068931
0.017339,-0.298057,-0.068931
0.017339,-0.298057,-0.068931
0.017339,-0.298057,-0.068931
0.017339,-0.298057,-0.068931
0.017339,-0.298057,-0.068931
0.017339,-0.298057,-0.068931
0.017339,-0.298057,-0.068931
0.017339,-0.298057,-0.068931
0.017339,-0.298057,-0.068931
0.017339,-0.298057,-0.068931
0.017339,-0.298057,-0.068931
0.017339,-0.298057,-0.068931
0.017339,-0.251792,-0.079551
0.064458,-0.251792,-0.079551
0.064458,-0.251792,-0.079551
0.064458,-0.251792,-0.079551
0.064458,-0.251792,-0.079551
0.064458,-0.251792,-0.079551
0.064458,-0.251792,-0.079551
0.064458,-0.251792,-0.079551
0.064458,-0.251792,-0.079551
0.064458,-0.251792,-0.079551
0.064458,-0.251792,-0.079551
0.064458,-0.251792,-0.079551
0.064458,-0.251792,-0.079551
0.064458,-0.251792,-0.079551
0.064458,-0.251792,-0.079551
0.064458,-0.251792,-0.079551
0.064458,-0.251792,-0.048301
0.069585,-0.232627,-0.063926
0.069585,-0.232627,-0.063926
0.069585,-0.232627,-0.063926
0.069585,-0.232627,-0.063926
0.069585,-0.232627,-0.063926
0.069585,-0.232627,-0.063926
0.069585,-0.232627,-0.063926
0.069585,-0.232627,-0.063926
0.069585,-0.232627,-0.063926
0.069585,-0.232627,-0.063926
0.069585,-0.232627,-0.063926
0.069585,-0.232627,-0.063926
0.069585,-0.232627,-0.063926
0.069585,-0.232627,-0.063926
0.069585,-0.232627,-0.063926
0.069585,-0.232627,-0.032676
0.074834,-0.273032,-0.036338
0.074834,-0.273032,-0.036338
0.074834,-0.273032,-0.036338
0.074834,-0.273032,-0.036338
0.074834,-0.273032,-0.036338
0.074834,-0.273032,-0.036338
0.074834,-0.273032,-0.036338
0.074834,-0.273032,-0.036338
0.074834,-0.273032,-0.036338
0.074834,-0.273032,-0.036338
0.074834,-0.273032,-0.036338
0.074834,-0.273032,-0.036338
0.074834,-0.273032,-0.036338
0.074834,-0.273032,-0.036338
0.074834,-0.273032,-0.036338
0.074834,-0.273032,-0.036338
0.074834,-0.273032,-0.036338
0.086064,-0.270469,-0.013633
0.086064,-0.270469,-0.013633
0.086064,-0.270469,-0.013633
0.086064,-0.270469,-0.013633
0.086064,-0.270469,-0.013633
0.086064,-0.270469,-0.013633
0.086064,-0.270469,-0.013633
0.086064,-0.270469,-0.013633
0.086064,-0.270469,-0.013633
0.086064,-0.270469,-0.013633
0.086064,-0.270469,-0.013633
0.086064,-0.270469,-0.013633
0.086064,-0.270469,-0.013633
0.086064,-0.270469,-0.013633
0.086064,-0.270469,-0.013633
0.086064,-0.270469,-0.013633
0.086064,-0.270469,-0.028281
0.094487,-0.281333,-0.028281
0.094487,-0.281333,-0.028281
0.094487,-0.281333,-0.028281
0.094487,-0.281333,-0.028281
0.094487,-0.281333,-0.028281
0.094487,-0.281333,-0.028281
0.094487,-0.281333,-0.028281
0.094487,-0.281333,-0.028281
0.094487,-0.281333,-0.028281
0.094487,-0.281333,-0.028281
0.094487,-0.281333,-0.028281
0.094487,-0.281333,-0.028281
0.094487,-0.281333,-0.